skzzz,15-03-2026 17:17:52,Logged in
skzzz,15-03-2026 17:17:54,Opened Play Songs
skzzz,15-03-2026 17:17:54,Playing: Lehrain
skzzz,15-03-2026 17:17:55,Playing: Laila
skzzz,15-03-2026 17:17:57,Playing: Main-Tumhara
skzzz,15-03-2026 17:17:58,Playing: Tum-Hi-Ho
skzzz,15-03-2026 17:18:25,Logged out
avi,15-03-2026 17:18:43,Logged in
avi,15-03-2026 17:18:46,Opened Play Songs
avi,15-03-2026 17:18:46,Playing: Lehrain
avi,15-03-2026 17:18:49,Playing: Laila
avi,15-03-2026 17:18:50,Playing: Main-Tumhara
avi,15-03-2026 17:18:51,Playing: Laila
shiva,15-03-2026 17:23:10,Logged in
shiva,15-03-2026 17:23:12,Opened Play Songs
shiva,15-03-2026 17:23:12,Playing: Lehrain
shiva,15-03-2026 17:23:15,Playing: Laila
shiva,15-03-2026 17:23:15,Playing: Main-Tumhara
shiva,15-03-2026 17:23:16,Playing: Laila
shiva,15-03-2026 17:27:15,Logged in
shiva,15-03-2026 17:27:17,Opened Play Songs
shiva,15-03-2026 17:27:17,Playing: Lehrain
shiva,15-03-2026 17:27:18,Playing: Laila
shiva,15-03-2026 17:27:18,Playing: Main-Tumhara
shiva,15-03-2026 17:27:19,Playing: Tum-Hi-Ho
shiva,15-03-2026 17:27:20,Playing: Main-Tumhara
sk,15-03-2026 19:51:37,Logged in
sk,15-03-2026 19:51:45,Opened Play Songs
sk,15-03-2026 19:51:45,Playing: Lehrain
sk,15-03-2026 19:51:50,Playing: Laila
sk,15-03-2026 19:52:07,Playing: Lehrain
sk,15-03-2026 19:52:20,Opened Search
guest,15-03-2026 22:31:34,Searched by ID: Kabira
31776,15-03-2026 22:32:25,Logged in
31776,15-03-2026 23:06:48,Opened Search
31776,15-03-2026 23:06:58,Searched by ID: Sweety-Tera-Drama
31776,15-03-2026 23:07:04,Viewed All Songs
